,datetime,text,status
0,2018-03-01T00:32:00Z,Km baru saja akses Apps Sehari-hari terpopuler.Nikmati akses YOUTUBE ga habis habis dgn beli pkt Unlimited HANYA di *123# atau myIM3 http://im3.do/m3,spam
1,2018-03-01T08:57:00Z,GRATIS UNLIMITED YOUTUBE+INTERNET 10GB+CHAT&SOSMED+SMS+NELPON selama 30hari.Data Rollover.PROMO 100Rb (Normal 115rb). MAU? Tekan C25 kirim SMS ke 929 sekarang,spam
2,2018-03-01T09:15:00Z,Sisa kuota 285 MB.Beli pkt Internet TERBAIK dr IM3 ooredoo di *123# atau myIM3 http:// im3.do/m3 .Kelebihan pemakaian dikenakan tarif perKB,spam
3,2018-03-01T16:42:00Z,"Ada banyak lowongan kerja baru! Ayo jgn sampai kamu ketinggalan update & tips di dunia kerja, tekan *123*543*2# . Tarif Rp2.200/3hari. Info: 08001401686 DSI7",spam
4,2018-03-01T17:42:00Z,"Proses PEMBLOKIRAN kartu bagi yg blm registrasi sdg berjalan,segera registrasi kartu Anda,dapatkan bonus 250MB+250mnt+250SMS.Ketik ULANG#NIK#No.KK# SMS ke4444",ham
5,2018-03-01T22:04:00Z,"iRing keren cuman buat km, Via Vallen-Bojo Galak (Reff),Rp.0,1/3hr prpnjngan Rp.3190 dengan hnya bls YA lho!",spam
6,2018-03-02T00:06:00Z,Sisa kuota 177 MB.Beli pkt Internet TERBAIK dr IM3 ooredoo di *123# atau myIM3 http:// im3.do/m3 .Kelebihan pemakaian dikenakan tarif perKB,spam
7,2018-03-02T00:12:00Z,Km baru saja akses Apps Sehari-hari terpopuler.Nikmati akses YOUTUBE ga habis habis dgn beli pkt Unlimited HANYA di *123# atau myIM3 http://im3.do/m3,spam
8,2018-03-02T09:49:00Z,PreOrder Samsung Galaxy S9|S9+! Cashback s.d Rp400ribu + Disc s.d Rp400ribu + 0% 12bln dgn KartuKredit di Samsung Store tertentu. S.d 05Mar'18. S&K.Info 14041,ham
9,2018-03-02T09:51:00Z,Sisa kuota 99 MB.Beli pkt Internet TERBAIK dr IM3 ooredoo di *123# atau myIM3 http:// im3.do/m3 .Kelebihan pemakaian dikenakan tarif perKB,spam
10,2018-03-02T19:35:00Z,Sisa kuota 48 MB.Beli pkt Internet TERBAIK dr IM3 ooredoo di *123# atau myIM3 http:// im3.do/m3 .Kelebihan pemakaian dikenakan tarif perKB,spam
11,2018-03-02T21:20:00Z,"Ayo diaktifkan iRing KERENnya, Armada-Asal Kau Bahagia (AT17) Rp.0,1/3hr prpnjngan Rp.3190 hnya dgn balas YA!",spam
12,2018-03-03T00:53:00Z,Km baru saja akses Apps Sehari-hari terpopuler.Nikmati akses YOUTUBE ga habis habis dgn beli pkt Unlimited HANYA di *123# atau myIM3 http://im3.do/m3,spam
13,2018-03-03T00:56:00Z,Sisa kuota 11 MB.Beli pkt Internet TERBAIK dr IM3 ooredoo di *123# atau myIM3 http:// im3.do/m3 .Kelebihan pemakaian dikenakan tarif perKB,spam
14,2018-03-03T01:20:00Z,"Kuota internet habis,pemakaian internet pakai tariff perKB.BARU! Nikmati Pkt INTERNET TERBAIK,Beli hnya di *123# atau http://im3.do/m3",spam
15,2018-03-03T10:33:00Z,"Internet Hemat Rp 10rb kuota 1.5GB (berlaku 7 hari). Penawaran khusus ini berlaku sd 04/03/18, ketik D3 ke 929 sekarang juga!",spam
16,2018-03-04T01:05:00Z,Km baru saja akses Apps Sehari-hari terpopuler.Nikmati akses YOUTUBE ga habis habis dgn beli pkt Unlimited HANYA di *123# atau myIM3 http://im3.do/m3,spam
17,2018-03-04T11:37:00Z,"Proses PEMBLOKIRAN kartu bagi yg blm registrasi sdg berjalan,segera registrasi kartu Anda,dapatkan bonus 250MB+250mnt+250SMS.Ketik ULANG#NIK#No.KK# SMS ke4444",ham
18,2018-03-05T06:50:00Z,Km baru saja akses Apps Sehari-hari terpopuler.Nikmati akses YOUTUBE ga habis habis dgn beli pkt Unlimited HANYA di *123# atau myIM3 http://im3.do/m3,spam
19,2018-03-05T09:07:00Z,"Paket internet 8 GB, hanya Rp 160rb, berlaku 30 hari. Ketik D22 ke 929 sd 07/03/18.",spam
20,2018-03-05T10:10:00Z,"Proses PEMBLOKIRAN kartu bagi yg blm registrasi sdg berjalan,segera registrasi kartu Anda,dapatkan bonus 250MB+250mnt+250SMS.Ketik ULANG#NIK#No.KK# SMS ke4444",ham
21,2018-03-05T13:18:00Z,"Sisa 0. Nikmati Internet, NelpSMS & akses YouTube gak habis-habis di*123# atau http://im3.do/m3",spam
22,2018-03-05T13:18:00Z,usage,ham
23,2018-03-05T13:43:00Z,this number,ham
24,2018-03-05T14:14:00Z,PAKET BRONET 24JAM 100MB 1hr kamu akan segera aktif. Temukan PROMO menarik AXIS di aplikasi AXISnet. Sekarang AXIS sudah 4G Ready lho! Info838,spam
25,2018-03-05T14:15:00Z,PAKET BRONET 24JAM 100MB sudah aktif. Nikmati kuota 100MB berlaku di 00.00-23.59 aktif s.d 05-03-2018.Temukan PROMO menarik AXIS di aplikasi AXISnet! Info838,spam
26,2018-03-05T15:16:00Z,"AGAR TIDAK DIBLOKIR, segera registrasi ulang kartu prabayar Anda. Telepon & SMS keluar diblokir mulai 1-31 Maret 2018. Ketik: ULANG#NIK#nomorKK#  SMS ke 4444",spam
27,2018-03-05T15:52:00Z,Isi ulang Rp50000.0 berhasil. Kode transaksi 66310305250914. Yuk registrasi ulang kartu AXIS kamu! Kirim SMS ke 4444 dgn format : ULANG#NIK#No.KK,spam
28,2018-03-05T15:54:00Z,PAKET BRONET 4G OWSEM 4GB sudah aktif. 1GB kuota utama+3GB kuota 4G berlaku di jam 00-23.59 s.d 03-04-2018.Info838,spam
29,2018-03-05T15:55:00Z,PAKET BRONET 4G OWSEM 4GB 30hr kamu akan segera aktif. Temukan PROMO menarik AXIS lainnya di aplikasi AXISnet kamu. Info838,spam
30,2018-03-05T17:24:00Z,Paket kamu akan diperpanjang otomatis HARI INI ke PAKET BRONET 24JAM 100MB 1hr Rp3500. Pastikan pulsa kamu min5rb ya. Info838,spam
31,2018-03-05T18:16:00Z,"AGAR TDK DIBLOKIR,sgr registrasi ulang kartu prabayar Anda.Tlp dan SMS keluar diblokir mulai 1-31 Maret 2018.Ketik ULANG#NIK#No.KK SMS ke 4444.Info 838",spam
32,2018-03-06T01:30:00Z,"Perpanjangan PAKET BRONET 24JAM 100MB 1hr Rp3500 berhasil. Nikmati 100MB berlaku di 00.00-23.59,aktif s.d 06-03-2018.Cek kuota km di aplikasi AXISnet.Info838",spam
33,2018-03-06T11:52:00Z,"AXIS Berbagi DISKON! Bronet 24jam 2GB CUMA 15rb,30hr (Norm 30,900) Balas YA, utk dapetin skrg. Internetan makin eksis krn diskon dr AXIS! Info838 AND01B",spam
34,2018-03-06T15:45:00Z,Besok ada interview kerja? Cari tahu dulu tips-tips nya biar nggak grogi dan sukses. Tekan *123*543*2#. Tarif Rp2.200/3hari. Info: 08001401686 DSI8,spam
35,2018-03-06T15:50:00Z,K-On! bisa km nikmati di Sushiroll dgn klik bit.ly/ssirll atau tkn *123*536*3# . Beli pkt berlangganannya & dptkan promo Rp1.000 utk 3hr! Info: 08041911911 DSI3,spam
36,2018-03-06T17:38:00Z,Paket kamu akan diperpanjang otomatis HARI INI ke PAKET BRONET 24JAM 100MB 1hr Rp3500. Pastikan pulsa kamu min5rb ya. Info838,spam
37,2018-03-06T19:39:00Z,"AGAR TDK DIBLOKIR,sgr registrasi ulang kartu prabayar Anda.Tlp dan SMS keluar diblokir mulai 1-31 Maret 2018.Ketik ULANG#NIK#No.KK SMS ke 4444.Info 838",spam
38,2018-03-06T21:10:00Z,"awas ketinggalan iRing Ajeng&PanasDalam-Dulu Kita Masih Remaja (OST Dilan) (CNY), Rp.0,1/3hr prpnjngan Rp.3190 .Lngsung bls YA aja ya!",spam
39,2018-03-07T01:39:00Z,"Perpanjangan PAKET BRONET 24JAM 100MB 1hr Rp3500 berhasil. Nikmati 100MB berlaku di 00.00-23.59,aktif s.d 07-03-2018.Cek kuota km di aplikasi AXISnet.Info838",spam
40,2018-03-07T11:32:00Z,Proses PEMBLOKIRAN bg yg blm REGISTRASI sdg berjalan. SEGERA  REGISTRASI ULANG. Dptkan BONUS 10GB+Nelpon&SMS sepuasnya u/3hr. Ketik ULANG#NIK#No.KK# SMS ke4444,ham
41,2018-03-07T12:07:00Z,HARI INI promo BRONET 24Jam 8GB Rp59.900 di *123*888# / AXISnet buat nonton film favorit di IFLIX (bebas biaya langganan).BONUS 1GB stlh beli! Info838. AXIS007,spam
42,2018-03-07T15:17:00Z,Paket kamu akan diperpanjang otomatis HARI INI ke PAKET BRONET 24JAM 100MB 1hr Rp3500. Pastikan pulsa kamu min5rb ya. Info838,spam
43,2018-03-07T15:41:00Z,"AGAR TDK DIBLOKIR,sgr registrasi ulang kartu prabayar Anda.Tlp dan SMS keluar diblokir mulai 1-31 Maret 2018.Ketik ULANG#NIK#No.KK SMS ke 4444.Info 838",spam
44,2018-03-07T17:13:00Z,HARI INI promo BRONET 24Jam 8GB Rp59.900 di *123*888# / AXISnet buat nonton film favorit di IFLIX (bebas biaya langganan).BONUS 1GB stlh beli! Info838. AXIS007,spam
45,2018-03-07T19:05:00Z,"Tinggal 5jam lagi! 
AXIS Bronet 24jam 2GB CUMA 15rb,30hr (Norm 30,900). Dapetin skrg juga dgn Balas YA! Internetan ASYIK tetep IRIT.
Info838 AND01B",spam
46,2018-03-07T21:35:00Z,"Ayo diaktifkan iRing KERENnya, Iqbaal Ramadhan-Rindu Sendiri (OST Dilan 1990) (R) Rp.0,1/3hr prpnjngan Rp.3190 hnya dgn balas YA!",spam
47,2018-03-08T00:37:00Z,"Pelanggan 6285722688068, Anda masih mempunyai point yang blom di tukar. Cek point anda dan tukarkan dengan PULSA dan JUTAAN hadiah. Cek di *123*518*1# sekarang.",spam
48,2018-03-08T00:50:00Z,"Perpanjangan PAKET BRONET 24JAM 100MB 1hr Rp3500 berhasil. Nikmati 100MB berlaku di 00.00-23.59,aktif s.d 08-03-2018.Cek kuota km di aplikasi AXISnet.Info838",spam
49,2018-03-08T09:15:00Z,De blin makan kucing,ham
50,2018-03-08T09:19:00Z,ok,ham
51,2018-03-08T09:20:00Z,Kamu baru menikmati BEBAS SMS ke sesama IM3 Ooredoo. Nikmati Penawaran paket TERBAIK di *123# atau myIM3 http://im3.do/m3,spam
52,2018-03-08T09:27:00Z,"Pagi Pak, bisa tolong belikan makanan kucingnya? Di petshop jambore yang deket toko burung, nanti diantarnya ke bukit permai",ham
53,2018-03-08T09:31:00Z,"Pagi Pak, bisa tolong belikan makanan kucingnya? Di petshop jambore yang deket toko burung, nanti diantarnya ke bukit permai",ham
54,2018-03-08T09:51:00Z,udh sampe kan?,ham
55,2018-03-08T09:51:00Z,sudah diterima mba saya ya Pak?,ham
56,2018-03-08T09:52:00Z,Ya,ham
57,2018-03-08T10:18:00Z,GRATIS UNLIMITED YOUTUBE PLUS INTERNET 7GB + CHAT & SOSMED + SMS selama 30hari. Data Rollover. PROMO 70Rb (Normal 80rb). MAU? Tekan OK kirim SMS ke 929 sd 10/03/18,spam
58,2018-03-08T10:22:00Z,"Internet Hemat Rp 10rb kuota 1.5GB (berlaku 7 hari). Penawaran khusus ini berlaku sd 09/03/18, ketik D3 ke 929 sekarang juga!",spam
59,2018-03-08T10:45:00Z,"AGAR TIDAK DIBLOKIR, segera registrasi ulang kartu prabayar Anda. Telepon & SMS keluar diblokir mulai 1-31 Maret 2018. Ketik: ULANG#NIK#nomorKK#  SMS ke 4444",spam
60,2018-03-08T12:25:00Z,"AGAR TIDAK DIBLOKIR, segera registrasi ulang kartu prabayar Anda. Telepon & SMS keluar diblokir mulai 1-31 Maret 2018. Ketik: ULANG#NIK#nomorKK#  SMS ke 4444",spam
61,2018-03-08T16:20:00Z,Paket kamu akan diperpanjang otomatis HARI INI ke PAKET BRONET 24JAM 100MB 1hr Rp3500. Pastikan pulsa kamu min5rb ya. Info838,spam
62,2018-03-09T01:23:00Z,"Perpanjangan PAKET BRONET 24JAM 100MB 1hr Rp3500 berhasil. Nikmati 100MB berlaku di 00.00-23.59,aktif s.d 09-03-2018.Cek kuota km di aplikasi AXISnet.Info838",spam
63,2018-03-09T09:37:00Z,"Pelanggan Yth, Pulsa Anda tdk mencukupi. Tersedia PULSA SIAGA utk Anda, pembyran dilakukan saat isi pulsa, hub *911# atau bls SMS ini ktk 0",spam
64,2018-03-09T09:42:00Z,"BRONET DAYZ 17GB Rp89.000 hny di JUMAT BAIK dg akses *123*888# /app AXISnet dr HP, dapet BONUS 1GB setelah pembelian, berlaku di semua jaringan.Info838.AXIS007",spam
65,2018-03-09T11:06:00Z,Proses PEMBLOKIRAN bg yg blm REGISTRASI sdg berjalan. SEGERA  REGISTRASI ULANG. Dptkan BONUS 10GB+Nelpon&SMS sepuasnya u/3hr. Ketik ULANG#NIK#No.KK# SMS ke4444,ham
66,2018-03-09T15:44:00Z,M  S    C  O  D  E        12  02,ham
67,2018-03-09T15:46:00Z,M  S    C  O  D  E        50  64  90,ham
68,2018-03-09T20:14:00Z,"AGAR TDK DIBLOKIR,sgr registrasi ulang kartu prabayar Anda.Tlp dan SMS keluar diblokir mulai 1-31 Maret 2018.Ketik ULANG#NIK#No.KK SMS ke 4444.Info 838",spam
69,2018-03-10T00:53:00Z,Perpanjangan PAKET BRONET 24JAM 100MB 1hr Rp3500 tidak berhasil.Pulsa kartu AXISmu tidak cukup utk perpanjangan otomatis. Silakan Isi ulang kembali ya.Info838,spam
70,2018-03-10T12:43:00Z,"Ciee yg dpt kesempatan menang Rp 75 Juta TANPA BIAYA dr AXIS! SELAMAT ya Km bs ikutan FANTAXIS!

Cek di *123*444*1# skrg!

Info: www.axisnet.id/fantaxis",spam
71,2018-03-10T14:40:00Z,"AGAR TIDAK DIBLOKIR, segera registrasi ulang kartu prabayar Anda. Telepon & SMS keluar diblokir mulai 1-31 Maret 2018. Ketik: ULANG#NIK#nomorKK#  SMS ke 4444",spam
72,2018-03-11T10:40:00Z,Proses PEMBLOKIRAN bg yg blm REGISTRASI sdg berjalan. SEGERA  REGISTRASI ULANG. Dptkan BONUS 10GB+Nelpon&SMS sepuasnya u/3hr. Ketik ULANG#NIK#No.KK# SMS ke4444,ham
73,2018-03-11T23:28:00Z,"Uber: Anda mendapatkan potongan 50% hingga Rp 15000, untuk 10 perjalanan uberX/XL/POOL/UberBLACK Anda. Ayo pesan Uber-mu sekarang! http://t.uber.com/nguber",spam
74,2018-03-12T22:15:00Z,(AXIS) Kuota 4G paket internet kamu  hanya 20% lagi. Cek detail pemakaian kamu di aplikasi AXISnet atau telp *889#. Info838,spam
75,2018-03-13T08:09:00Z,"AXIS Berbagi DISKON! Bronet 24jam 2GB CUMA 25rb,30hr (Norm 30,900) Balas YA, utk dapetin skrg. Internetan makin eksis krn diskon dr AXIS! Info838 AND01A",spam
76,2018-03-13T09:31:00Z,"Cashback up to IDR 500.000,- + 0% until 24 months for Apple with Credit Card at iBox store, 09-18 Mar 2018. T&C. Info 14041",ham
77,2018-03-13T12:41:00Z,"Ciee yg dpt kesempatan menang Rp 75 Juta TANPA BIAYA dr AXIS! SELAMAT ya Km bs ikutan FANTAXIS!

Cek di *123*444*1# skrg!

Info: www.axisnet.id/fantaxis",spam
78,2018-03-13T15:35:00Z,"AGAR TIDAK DIBLOKIR, segera registrasi ulang kartu prabayar Anda. Telepon & SMS keluar diblokir mulai 1-31 Maret 2018. Ketik: ULANG#NIK#nomorKK#  SMS ke 4444",spam
79,2018-03-13T15:45:00Z,Find Your Best Fit Skinny Jeans! GRATIS The Body Shop Shower Gel & Voucher Rp.100.000 dgn jawab pertanyaan di FIT FINDER : http://bit.ly/2ttIOuV sblm 18 Mar'18. SKB,ham
80,2018-03-13T19:20:00Z,"AGAR TDK DIBLOKIR,sgr registrasi ulang kartu prabayar Anda.Tlp dan SMS keluar diblokir mulai 1-31 Maret 2018.Ketik ULANG#NIK#No.KK SMS ke 4444.Info 838",spam
81,2018-03-13T19:23:00Z,"Pelanggan Yth, Pulsa Anda tdk mencukupi. Tersedia PULSA SIAGA utk Anda, pembyran dilakukan saat isi pulsa, hub *911# atau bls SMS ini ktk 0",spam
82,2018-03-13T21:36:00Z,(AXIS) Kuota 4G paket internet kamu telah digunakan seluruhnya. Penggunaan selanjutnya akan dikenakan tarif normal ya. Info838,spam
83,2018-03-14T08:04:00Z,"Pelanggan Yth, Pulsa Anda tdk mencukupi. Tersedia PULSA SIAGA utk Anda, pembyran dilakukan saat isi pulsa, hub *911# atau bls SMS ini ktk 0",spam
84,2018-03-14T08:23:00Z,"Internet Hemat Rp 10rb kuota 1.5GB (berlaku 7 hari). Penawaran khusus ini berlaku sd 15/03/18, ketik D3 ke 929 sekarang juga!",spam
85,2018-03-14T13:00:00Z,Promo BRONET 24Jam 5GB 30hr hny Rp45.900 dg akses *123*888# / app AXISnet dr HP di RABU RAWIT hari ini!! Klaim BONUS 1GB setelah pembelian!! Info838. AXIS007,spam
86,2018-03-14T14:49:00Z,Proses PEMBLOKIRAN bg yg blm REGISTRASI sdg berjalan. SEGERA  REGISTRASI ULANG. Dptkan BONUS 10GB+Nelpon&SMS sepuasnya u/3hr. Ketik ULANG#NIK#No.KK# SMS ke4444,ham
87,2018-03-14T15:17:00Z,"Pelanggan Yth, Pulsa Anda tdk mencukupi. Tersedia PULSA SIAGA utk Anda, pembyran dilakukan saat isi pulsa, hub *911# atau bls SMS ini ktk 0",spam
88,2018-03-14T15:39:00Z,"Untuk kamu penggemar film action, ayo nonton aksi seru Liam Neeson dalam film TAKEN dengan klik bit.ly/gnflx atau tekan *123*519#. Info: 08041911911. DSI1",spam
89,2018-03-14T16:26:00Z,"AGAR TDK DIBLOKIR,sgr registrasi ulang kartu prabayar Anda.Tlp dan SMS keluar diblokir mulai 1-31 Maret 2018.Ketik ULANG#NIK#No.KK SMS ke 4444.Info 838",spam
90,2018-03-14T18:11:00Z,"Gadis Cantik Bola ini bikin baper ribuan penonton, kamu ga akan percaya. Hub *123*534*3# dan Pilih 1 OK untuk lihat. Hubungi sekarang sebelum video diblokir.",spam
91,2018-03-14T23:16:00Z,(AXIS) Kuota utama paket internet kamu hanya 20% lagi. Cek detail pemakaian kamu di aplikasi AXISnet atau telp *889#. Info838,spam
92,2018-03-15T07:21:00Z,(AXIS) Kuota utama paket internet kamu telah digunakan seluruhnya. Penggunaan selanjutnya akan dikenakan tarif normal ya. Info838,spam
93,2018-03-15T11:03:00Z,"Pelanggan Yth, Pulsa Anda tdk mencukupi. Tersedia PULSA SIAGA utk Anda, pembyran dilakukan saat isi pulsa, hub *911# atau bls SMS ini ktk 0",spam
94,2018-03-15T11:09:00Z,"try luckya.shinyapps.io/sp500_explr but not sure

should be in this drive in capstone sheet, the signal is so bad
https://docs.google.com/spreadsheets/d/1cYF6zzE_kPffhgqnmZrdbD051OfSBl7P53mWf_q2tnA/edit?usp=drivesdk",ham
95,2018-03-15T14:44:00Z,"AGAR TIDAK DIBLOKIR, segera registrasi ulang kartu prabayar Anda. Telepon & SMS keluar diblokir mulai 1-31 Maret 2018. Ketik: ULANG#NIK#nomorKK#  SMS ke 4444",spam
96,2018-03-15T17:11:00Z,"AGAR TDK DIBLOKIR,sgr registrasi ulang kartu prabayar Anda.Tlp dan SMS keluar diblokir mulai 1-31 Maret 2018.Ketik ULANG#NIK#No.KK SMS ke 4444.Info 838",spam
97,2018-03-16T10:34:00Z,Mau tahu tutorial cara memakai hijab ala Selebgram? Ayo nonton videonya di *123*513*1# Tarif Rp2.000/SMS. Info: 02129451227. DSI3,spam
98,2018-03-16T11:25:00Z,"Pelanggan Yth, Pulsa Anda tdk mencukupi. Tersedia PULSA SIAGA utk Anda, pembyran dilakukan saat isi pulsa, hub *911# atau bls SMS ini ktk 0",spam
99,2018-03-16T13:29:00Z,TOPUP pulsa Rp 25000 berhasil via SMSBANKING CIMB_NIAGA kode trx 0316132944444041. Pulsa anda saat ini Rp 25000. Terima kasih telah menggunakan INDOSAT OOREDOO,spam
100,2018-03-16T13:30:00Z,SEGERA REGISTRASI ULANG kartumu krn proses PEMBLOKIRAN sdg berjalan.BONUS 10GB nelpon&SMS sepuasnya.Ketik ULANG#NIK#No.KK# SMS ke4444. Abaikan jika sdh REG,ham
101,2018-03-16T14:08:00Z,"Paket nelpon sepuasnya ke sesama Indosat Ooredoo + internet 1GB, hanya Rp 15rb, berlaku 7 hari. Ketik C13 ke 929 sd18/03/18.",spam
102,2018-03-16T14:33:00Z,3 hari lg prpanjangan Unlimited+3GB. Jgn lupa isi pulsa agar tetap bisa INTERNETAN SEPUASNYA dan trhindar tarif perKB. Beli paket lg di*123# atau http://im3.do,spam
103,2018-03-16T15:01:00Z,"AGAR TDK DIBLOKIR,sgr registrasi ulang kartu prabayar Anda.Tlp dan SMS keluar diblokir mulai 1-31 Maret 2018.Ketik ULANG#NIK#No.KK SMS ke 4444.Info 838",spam
104,2018-03-16T16:38:00Z,Proses PEMBLOKIRAN bg yg blm REGISTRASI sdg berjalan. SEGERA  REGISTRASI ULANG. Dptkan BONUS 10GB+Nelpon&SMS sepuasnya u/3hr. Ketik ULANG#NIK#No.KK# SMS ke4444,ham
105,2018-03-16T17:28:00Z,"Ciee yg dpt kesempatan menang Rp 75 Juta TANPA BIAYA dr AXIS! SELAMAT ya Km bs ikutan FANTAXIS!

Balas YA ke 99220 skrg!

Info: www.axisnet.id/fantaxis",spam
106,2018-03-16T19:19:00Z,"BRONET 24Jam 2GB hny Rp24.900 (normal Rp29.900) bisa buat nonton IFLIX dg beli di *123*888# / AXISNET.Yuk, beli paketnya spy WEEKND-mu SERU..!! Info838.AXIS007",spam
107,2018-03-16T21:19:00Z,"BRONET 24Jam 2GB hny Rp24.900 (normal Rp29.900) bisa buat nonton IFLIX dg beli di *123*888# / AXISNET.Yuk, beli paketnya spy WEEKND-mu SERU..!! Info838.AXIS007",spam
108,2018-03-17T08:10:00Z,"AXIS Berbagi DISKON! Bronet 24jam 2GB CUMA 25rb,30hr (Norm 30,900) Balas YA, utk dapetin skrg. Internetan makin eksis krn diskon dr AXIS! Info838 AND01A",spam
109,2018-03-17T11:20:00Z,"(CITITRANS)CT: Pesanan anda tujuan Dipati Ukur-Fatmawati pd 2018-03-25 17:15:00 dgn no kursi 1,2 tercatat dgn kode booking BOAP18031584631",ham
110,2018-03-17T11:49:00Z,"AGAR TIDAK DIBLOKIR, segera registrasi ulang kartu prabayar Anda. Telepon & SMS keluar diblokir mulai 1-31 Maret 2018. Ketik: ULANG#NIK#nomorKK#  SMS ke 4444",spam
111,2018-03-17T11:50:00Z,"Tiket.com Thank you, we've received your payment for OrderId 43049655. Please kindly check your email in 5 minutes and check your spam folder too.",ham
112,2018-03-17T11:51:00Z,"17/03/2018 11:50 Pada No. Rek 378088918 ada dana keluar sebesar Rp 199.932,00. Saldo akhir: Rp 1.064.097,00.Berita: TRF PAY TOP UP ECHANNEL.",ham
113,2018-03-17T11:51:00Z,"Kereta Api GMR - BD, 24 Mar 07:50 BookingCode: W6UQ6T Kereta: ArgoParahyanganPremium(Eko) No 7058 Kursi: PREMIUM-7/3C,3D",ham
114,2018-03-17T12:26:00Z,"AGAR TDK DIBLOKIR,sgr registrasi ulang kartu prabayar Anda.Tlp dan SMS keluar diblokir mulai 1-31 Maret 2018.Ketik ULANG#NIK#No.KK SMS ke 4444.Info 838",spam
115,2018-03-17T14:35:00Z,2 hari lg prpanjangan Unlimited+3GB. Jgn lupa isi pulsa agar tetap bisa INTERNETAN SEPUASNYA dan trhindar tarif perKB. Beli paket lg di*123# atau http://im3.do,spam
116,2018-03-17T16:17:00Z,ibu saya sudah sampai di depan lobby tower A,ham
117,2018-03-17T16:17:00Z,oke sebentar ya Pak,ham
118,2018-03-17T21:48:00Z,(AXIS) Kuota utama paket internet kamu hanya 20% lagi. Cek detail pemakaian kamu di aplikasi AXISnet atau telp *889#. Info838,spam
119,2018-03-18T12:04:00Z,"AGAR TDK DIBLOKIR,sgr registrasi ulang kartu prabayar Anda.Tlp dan SMS keluar diblokir mulai 1-31 Maret 2018.Ketik ULANG#NIK#No.KK SMS ke 4444.Info 838",spam
120,2018-03-18T12:14:00Z,Proses PEMBLOKIRAN bg yg blm REGISTRASI sdg berjalan. SEGERA  REGISTRASI ULANG. Dptkan BONUS 10GB+Nelpon&SMS sepuasnya u/3hr. Ketik ULANG#NIK#No.KK# SMS ke4444,ham
121,2018-03-18T14:32:00Z,1 hari lg prpanjangan Unlimited+3GB. Jgn lupa isi pulsa agar tetap bisa INTERNETAN SEPUASNYA dan trhindar tarif perKB. Beli paket lg di*123# atau http://im3.do,spam
122,2018-03-18T14:59:00Z,(AXIS) Kuota utama paket internet kamu telah digunakan seluruhnya. Penggunaan selanjutnya akan dikenakan tarif normal ya. Info838,spam
123,2018-03-18T16:08:00Z,"Tinggal 5jam lagi! 
AXIS Bronet 24jam 2GB CUMA 25rb,30hr (Norm 30,900). Dapetin skrg juga dgn Balas YA! Internetan ASYIK tetep IRIT.
Info838 AND01A",spam
124,2018-03-19T11:31:00Z,"Dapatkan tips seputar hubungan asmara langsung dari ahlinya! Tekan *123*554*6# . Tarif Rp2.200/SMS, 3SMS/minggu. Info: 08001009189. DSI4",spam
125,2018-03-19T14:43:00Z,Pulsa tdk cukup/sdg dlm masa tenggang. Isi pulsa & aktifkan Unlimited+ untuk nikmati INTERNETAN & NelpSMS SEPUASNYA. Info *123# atau http://im3.do/m3,spam
126,2018-03-19T14:44:00Z,"Ciee yg dpt kesempatan menang Rp 75 Juta TANPA BIAYA dr AXIS! SELAMAT ya Km bs ikutan FANTAXIS!

Balas YA ke 99220 skrg!

Info: www.axisnet.id/fantaxis",spam
127,2018-03-19T14:49:00Z,"AGAR TIDAK DIBLOKIR, segera registrasi ulang kartu prabayar Anda. Telepon & SMS keluar diblokir mulai 1-31 Maret 2018. Ketik: ULANG#NIK#nomorKK#  SMS ke 4444",spam
128,2018-03-19T16:12:00Z,"AGAR TDK DIBLOKIR,sgr registrasi ulang kartu prabayar Anda.Tlp dan SMS keluar diblokir mulai 1-31 Maret 2018.Ketik ULANG#NIK#No.KK SMS ke 4444.Info 838",spam
129,2018-03-19T21:31:00Z,(AXIS) Kuota utama paket internet kamu hanya 20% lagi. Cek detail pemakaian kamu di aplikasi AXISnet atau telp *889#. Info838,spam
130,2018-03-20T11:46:00Z,"20/03/2018 11:46 Pada No. Rek 378088918 ada dana keluar sebesar Rp 250.000,00. Saldo akhir: Rp 814.097,00.Berita: TARIK TUNAI.",ham
131,2018-03-20T11:51:00Z,"20/03/2018 11:51 Pada No. Rek 378088918 ada dana keluar sebesar Rp 250.000,00. Saldo akhir: Rp 564.097,00.Berita: BILL PAYMENT  GOPAY CUST    NO  16152152107777",ham
132,2018-03-20T13:09:00Z,Pake BRONET 24Jam 8GB hny Rp59.900 di RAWIT *123*888# /app AXISnet bisa buat nonton film favorit di IFLIX.BONUS 1GB stlh beli BRONET mulai 5GB!!Info838.AXIS007,spam
133,2018-03-20T13:21:00Z,"Mau tahu apakah pasangan benar-benar sayang sama kamu? Ayo buktikan dgn tips dari Meike Rose, tkn *123*504# Tarif Rp2.200/SMS, 2SMS/mgu. Info: 021 8308171. DSI7",spam
134,2018-03-20T14:48:00Z,Proses PEMBLOKIRAN bg yg blm REGISTRASI sdg berjalan. SEGERA  REGISTRASI ULANG. Dptkan BONUS 10GB+Nelpon&SMS sepuasnya u/3hr. Ketik ULANG#NIK#No.KK# SMS ke4444,ham
135,2018-03-20T15:53:00Z,"AXIS Berbagi DISKON! Bronet 24jam 2GB CUMA 25rb,30hr (Norm 30,900) Balas YA, utk dapetin skrg. Internetan makin eksis krn diskon dr AXIS! Info838 AND01A",spam
136,2018-03-20T17:04:00Z,"AGAR TDK DIBLOKIR,sgr registrasi ulang kartu prabayar Anda.Tlp dan SMS keluar diblokir mulai 1-31 Maret 2018.Ketik ULANG#NIK#No.KK SMS ke 4444.Info 838",spam
137,2018-03-20T23:22:00Z,"iRing keren cuman buat km, Evi Masamba-Aku Rindu,Rp.0,1/3hr prpnjngan Rp.3190 dengan hnya bls YA lho!",spam
138,2018-03-21T09:06:00Z,"*Masih DISKON*
AXIS Bronet 24jam 2GB CUMA 25rb,30hr (Norm 30,900). Dapetin skrg juga dgn Balas YA! Internetan ASYIK tetep IRIT. AXIS 4G Ready
Info838 AND01A",spam
139,2018-03-21T11:18:00Z,(AXIS) Kuota utama paket internet kamu telah digunakan seluruhnya. Penggunaan selanjutnya akan dikenakan tarif normal ya. Info838,spam
140,2018-03-21T11:18:00Z,"(AXIS) Kamu sdg internetan tanpa paket internet. Pulsa kamu saat ini 75. Lebih IRIT dgn aktifkan paket Internet AXIS, telp *123*887# sekarang! Info838",spam
141,2018-03-21T11:18:00Z,"Cashback IDR500,000 limited for first 100 cardholders + 0% upto 24 months with Credit Card at Tory Burch boutiques Jakarta & Surabaya, 21Mar'18. T&C. Info 14041",ham
142,2018-03-21T12:14:00Z,"kak need pulsa on my other number 50, yang axis ya",ham
143,2018-03-21T12:23:00Z,Hanya utk kamu! Dptkan pulsa SOS Rp10000 utk dipakai ke semua operator sd 7hr. Pembayaran Rp10000 & BeaJasa Rp3000 yg dipotong saat isi Pulsa. Balas YA ke 505 /tkn*505#,spam
144,2018-03-21T12:23:00Z,Bonus IM3PUAS : Kamu dpt GRATIS 1000 SMS ke Indosat dan 50 SMS ke operator lain berlaku sekarang s.d jam 23.59. Cek bonus *555*12#,spam
145,2018-03-21T12:23:00Z,bu bisa isiin nomorku yang 08382888813 50rb ga? itu axis/xl,ham
146,2018-03-21T12:28:00Z,Udh ya,ham
147,2018-03-21T12:29:00Z,Isi ulang Rp50000.0 berhasil. Kode transaksi 66310321460399. Yuk registrasi ulang kartu AXIS kamu! Kirim SMS ke 4444 dgn format : ULANG#NIK#No.KK,spam
148,2018-03-21T12:36:00Z,GRATIS INTERNET 3GB plus UNLIMITED CHAT & SOSMED + SMS selama 30hari. DataRollover. PROMO 50Rb (Normal 60rb). MAU? Tekan C23 kirim SMS ke 929 sekarang,spam
149,2018-03-21T12:41:00Z,PAKET BRONET 4G OWSEM 4GB 30hr kamu akan segera aktif. Temukan PROMO menarik AXIS lainnya di aplikasi AXISnet kamu. Info838,spam
150,2018-03-21T12:42:00Z,PAKET BRONET 4G OWSEM 4GB sudah aktif. 1GB kuota utama+3GB kuota 4G berlaku di jam 00-23.59 s.d 19-04-2018.Info838,spam
151,2018-03-21T12:44:00Z,Udh de ?,ham
152,2018-03-21T12:45:00Z,Bonus IM3PUAS : Masih ada Bonus GRATIS 1000 SMS ke Indosat dan 49 SMS ke operator lain berlaku skrg s.d jam 23.59. Ayo pakai terus GRATIS SMSnya,spam
153,2018-03-21T12:45:00Z,oke udah,ham
154,2018-03-21T14:20:00Z,"AGAR TIDAK DIBLOKIR, segera registrasi ulang kartu prabayar Anda. Telepon & SMS keluar diblokir mulai 1-31 Maret 2018. Ketik: ULANG#NIK#nomorKK#  SMS ke 4444",spam
155,2018-03-21T15:40:00Z,"AGAR TDK DIBLOKIR,sgr registrasi ulang kartu prabayar Anda.Tlp dan SMS keluar diblokir mulai 1-31 Maret 2018.Ketik ULANG#NIK#No.KK SMS ke 4444.Info 838",spam
156,2018-03-22T00:37:00Z,"awas ketinggalan iRing Armada-Pulang Malu Tak Pulang Rindu, Rp.0,1/3hr prpnjngan Rp.3190 .Lngsung bls YA aja ya!",spam
157,2018-03-22T10:00:00Z,"Cashback IDR500,000 limited for first 100 cardholders + 0% upto 24 mos with Credit Card at Tory Burch boutiques Jakarta&Surabaya, till 31Mar'18. T&C. Info 14041",ham
158,2018-03-22T11:52:00Z,"AXIS Berbagi DISKON! Bronet 24jam 2GB CUMA 25rb,30hr (Norm 30,900) Balas YA, utk dapetin skrg. Internetan makin eksis krn diskon dr AXIS! Info838 AND01A",spam
159,2018-03-22T12:58:00Z,"083899758489 atas nama Aldwin nanti Pak, alamat nya di jalan terusan cigadung timur no. 99, kompleks lembah tubagus ismail,  nanti ditanya lg aja arah jalannya kalau ga ketemu",ham
160,2018-03-22T13:01:00Z,Bonus IM3PUAS : Kamu dpt GRATIS 1000 SMS ke Indosat dan 20 SMS ke operator lain berlaku sekarang s.d jam 23.59. Cek bonus *555*12#,spam
161,2018-03-22T13:02:00Z,"083899758489 atas nama Aldwin nanti Pak, alamat nya di jalan terusan cigadung timur no. 99, kompleks lembah tubagus ismail,  nanti ditanya lg aja arah jalannya kalau ga ketemu",ham
162,2018-03-22T13:07:00Z,Hanya utk kamu! Dptkan pulsa SOS Rp10000 utk dipakai ke semua operator sd 7hr. Pembayaran Rp10000 & BeaJasa Rp3000 yg dipotong saat isi Pulsa. Balas YA ke 505 /tkn*505#,spam
163,2018-03-22T13:16:00Z,Bonus IM3PUAS : Masih ada Bonus GRATIS 1000 SMS ke Indosat dan 19 SMS ke operator lain berlaku skrg s.d jam 23.59. Ayo pakai terus GRATIS SMSnya,spam
164,2018-03-22T13:39:00Z,Ok,ham
165,2018-03-22T14:32:00Z,"Ciee yg dpt kesempatan menang Rp 75 Juta TANPA BIAYA dr AXIS! SELAMAT ya Km bs ikutan FANTAXIS!

Balas YA ke 99220 skrg!

Info: www.axisnet.id/fantaxis PFF11B",spam
166,2018-03-22T14:43:00Z,Proses PEMBLOKIRAN bg yg blm REGISTRASI sdg berjalan. SEGERA  REGISTRASI ULANG. Dptkan BONUS 10GB+Nelpon&SMS sepuasnya u/3hr. Ketik ULANG#NIK#No.KK# SMS ke4444,ham
167,2018-03-22T21:13:00Z,Dimana de?,ham
168,2018-03-23T08:40:00Z,"*Masih DISKON*
AXIS Bronet 24jam 2GB CUMA 25rb,30hr (Norm 30,900). Dapetin skrg juga dgn Balas YA! Internetan ASYIK tetep IRIT. AXIS 4G Ready
Info838 AND01A",spam
169,2018-03-23T09:42:00Z,"BRONET 24Jam 5GB Rp45.900 hny di JUMAT BAIK dg akses *123*888# /app AXISnet dr HP, dapet BONUS 1GB setelah pembelian, berlaku di semua jaringan.Info838.AXIS007",spam
170,2018-03-23T12:09:00Z,"Waspada penipuan! Bank dan stafnya tidak pernah meminta data rahasia seperti PIN, password, passcode, user ID untuk alasan apapun. Info 14041",ham
171,2018-03-23T12:16:00Z,"Cashback IDR500,000 limited for first 100 cardholders + 0% upto 24 mos with Credit Card at Tory Burch boutiques Jakarta&Surabaya, till 31Mar'18. T&C. Info 14041",ham
172,2018-03-23T13:27:00Z,Kamu blm REG. Segera REGISTRASI ULANG.Pemblokiran mulai Senin 26Mar18.Ketik ULANG#NIK#No.KK# SMS ke 4444. Dptkn BNS 10GB+Nelp&SMS sepuasnya. Abaikan jk sdh REG,ham
173,2018-03-23T16:32:00Z,"Tinggal 5jam lagi!
AXIS Bronet 24jam 2GB CUMA 25rb,30hr (Norm 30,900). Dapetin skrg juga dgn Balas YA! Internetan ASYIK tetep IRIT.
Info838 AND01A",spam
174,2018-03-23T18:26:00Z,"AGAR TDK DIBLOKIR,sgr registrasi ulang kartu prabayar Anda.Tlp dan SMS keluar diblokir mulai 1-31 Maret 2018.Ketik ULANG#NIK#No.KK SMS ke 4444.Info 838",spam
175,2018-03-24T08:35:00Z,"AXIS Berbagi DISKON! Bronet 24jam 2GB CUMA 25rb,30hr (Norm 30,900) Balas YA, utk dapetin skrg. Internetan makin eksis krn diskon dr AXIS! Info838 AND01A",spam
176,2018-03-24T09:13:00Z,"DISKON main & makan cantik di weekend, tiket masuk Trans Studio Bandung, Kidzania, Sindu Kusuma Edupark, Kebab Baba Rafi, dll. Download AXISnet axisnet.id/app",spam
177,2018-03-24T11:35:00Z,Kamu blm REG. Segera REGISTRASI ULANG.Pemblokiran mulai Senin 26Mar18.Ketik ULANG#NIK#No.KK# SMS ke 4444. Dptkn BNS 10GB+Nelp&SMS sepuasnya. Abaikan jk sdh REG,ham
178,2018-03-24T11:35:00Z,Pulsa minimum kamu tidak cukup untuk mengaktifkan paket ini. Isi ulang pulsamu & aktifkan paketnya dgn aplikasi AXISnet atau telp *123#. Info838,spam
179,2018-03-24T11:46:00Z,"Penawaran terbatas! Aktifkan Paket Khusus: IM3 Freedom Bundle hanya utk Smartphone Anda, balas SMS ke 990, ketik F50 dpt Kuota 12GB hanya Rp50rb/bln atau F25 dpt Kuota 2GB hanya Rp25rb/bln selama 12 bulan. Pastikan Pulsa Cukup.",spam
180,2018-03-24T11:50:00Z,halo ini gojek ya? pak maaf banget hape saya rusak ini tdk bisa dpt internet di cancel aja pak maaf ya,ham
181,2018-03-24T12:15:00Z,Hanya utk kamu! Dptkan pulsa SOS Rp10000 utk dipakai ke semua operator sd 7hr. Pembayaran Rp10000 & BeaJasa Rp3000 yg dipotong saat isi Pulsa. Balas YA ke 505 /tkn*505#,spam
182,2018-03-24T12:21:00Z,GRATIS UNLIMITED YOUTUBE PLUS INTERNET 7GB + CHAT & SOSMED + SMS selama 30hari. Data Rollover. PROMO 70Rb (Normal 80rb). Tekan menu *123# dari Ponsel Kamu. CPI3,spam
183,2018-03-24T12:32:00Z,fi aku jam 1 ya sori2,ham
184,2018-03-24T12:33:00Z,Tiii td direject krn aku lg di kamar mandi. Okee gpp ti,ham
185,2018-03-25T08:35:00Z,"*Masih DISKON*
AXIS Bronet 24jam 2GB CUMA 25rb,30hr (Norm 30,900). Dapetin skrg juga dgn Balas YA! Internetan ASYIK tetep IRIT. AXIS 4G Ready
Info838 AND01A",spam
186,2018-03-25T10:12:00Z,"Pelanggan Yth,untuk peningkatan kualitas layanan,akan dilakukan penataan frekuensi di Area Anda dalam 7 hari ke depan.Mhn maaf atas ketidaknyamanannya. Info:838",spam
187,2018-03-25T14:07:00Z,Kamu blm REG. Segera REGISTRASI ULANG.Pemblokiran mulai Senin 26Mar18.Ketik ULANG#NIK#No.KK# SMS ke 4444. Dptkn BNS 10GB+Nelp&SMS sepuasnya. Abaikan jk sdh REG,ham
188,2018-03-25T16:11:00Z,"AGAR TDK DIBLOKIR,sgr registrasi ulang kartu prabayar Anda.Tlp dan SMS keluar diblokir mulai 1-31 Maret 2018.Ketik ULANG#NIK#No.KK SMS ke 4444.Info 838",spam
189,2018-03-25T16:26:00Z,(CITITRANS)CT: Pesanan anda tujuan Dipati Ukur-Fatmawati pd 2018-03-25 17:15:00 dgn no kursi Ä2Ñ tercatat dgn kode booking BOCC1803251521964582609483,ham
190,2018-03-25T16:32:00Z,(CITITRANS)CT: Pesanan anda tujuan Dipati Ukur-Fatmawati pd 2018-03-30 08:45:00 dgn no kursi 3 tercatat dgn kode booking BOAP18032609789,ham
191,2018-03-25T16:35:00Z,"Tinggal 5jam lagi!
AXIS Bronet 24jam 2GB CUMA 25rb,30hr (Norm 30,900). Dapetin skrg juga dgn Balas YA! Internetan ASYIK tetep IRIT.
Info838 AND01A",spam
192,2018-03-25T20:07:00Z,De besok beliin makanan kucing,ham
193,2018-03-25T21:33:00Z,Udh nyampe ?,ham
194,2018-03-25T21:33:00Z,Iya,ham
195,2018-03-25T21:33:00Z,udh keluar tol,ham
196,2018-03-25T21:33:00Z,ini dijemput nggak?,ham
197,2018-03-25T21:37:00Z,Bpk OTW ya,ham
198,2018-03-25T23:33:00Z,"Uber: Anda mendapatkan potongan 50% hingga Rp 15000, untuk 10 perjalanan uberX/XL/POOL/UberBLACK Anda. Ayo pesan Uber-mu sekarang! http://t.uber.com/nguber",spam
199,2018-03-26T04:42:00Z,"Sbg upaya peningkatan jaringan, sebagian pelanggan utk smntara akan mengalami gangguan.Mhn maaf atas hal ini.Kami terus berupaya utk peningkatan layanan kami.",spam
200,2018-03-26T12:57:00Z,De  beliin makanan kucing,ham
201,2018-03-26T12:57:00Z,oya lupa bntar,ham
202,2018-03-26T14:04:00Z,"Internet Hemat Rp 10rb kuota 1.5GB (berlaku 7 hari). Penawaran khusus ini berlaku sd 27/03/18, ketik D3 ke 929 sekarang juga!",spam
203,2018-03-26T14:20:00Z,Kamu blm REG. Segera REGISTRASI ULANG.Pemblokiran mulai Senin 26Mar18.Ketik ULANG#NIK#No.KK# SMS ke 4444. Dptkn BNS 10GB+Nelp&SMS sepuasnya. Abaikan jk sdh REG,ham
204,2018-03-26T15:06:00Z,"Agar tidak diblokir,segera registrasi ulang kartu prabayar Anda di http://bit.ly/myim3res Dptkn BONUS 10GB, Nelp&SMS sepuasnya + Cashback Tokopedia Rp50rb. DPI1",spam
205,2018-03-26T15:57:00Z,Permintaan Collect SMS Kamu tidak diproses.,ham
206,2018-03-26T16:38:00Z,"AGAR TDK DIBLOKIR,sgr registrasi ulang kartu prabayar Anda.Tlp dan SMS keluar diblokir mulai 1-31 Maret 2018.Ketik ULANG#NIK#No.KK SMS ke 4444.Info 838",spam
207,2018-03-26T17:10:00Z,"Anda sedang dlm masa blokir. Sesuai dengan Peraturan Pemerintah, segera Registrasi Ulang dgn kirim SMS ke 4444, ketik ULANG#NIK(Nomor KTP)#Nomor Kartu Keluarga#",spam
208,2018-03-26T18:10:00Z,"Anda sedang dlm masa blokir. Sesuai dengan Peraturan Pemerintah, segera Registrasi Ulang dgn kirim SMS ke 4444, ketik ULANG#NIK(Nomor KTP)#Nomor Kartu Keluarga#",spam
209,2018-03-26T19:46:00Z,Test,ham
210,2018-03-26T20:01:00Z,Teat,ham
211,2018-03-26T23:54:00Z,"Anda sedang dlm masa blokir. Sesuai dengan Peraturan Pemerintah, segera Registrasi Ulang dgn kirim SMS ke 4444, ketik ULANG#NIK(Nomor KTP)#Nomor Kartu Keluarga#",spam
212,2018-03-27T10:20:00Z,(AXIS) Kuota 4G paket internet kamu  hanya 20% lagi. Cek detail pemakaian kamu di aplikasi AXISnet atau telp *889#. Info838,spam
213,2018-03-27T12:21:00Z,Cari tahu tips-tips supaya bisa menjadi Selebgram dengan tekan *123*513*1# .Tarif hanya Rp2.000/SMS. Info: 02129451227. DSI5,spam
214,2018-03-27T14:25:00Z,Kamu blm REG. Segera REGISTRASI ULANG.Pemblokiran mulai Senin 26Mar18.Ketik ULANG#NIK#No.KK# SMS ke 4444. Dptkn BNS 10GB+Nelp&SMS sepuasnya. Abaikan jk sdh REG,ham
215,2018-03-27T16:39:00Z,Pake BRONET 24Jam 8GB hny Rp59.900 di RAWIT *123*888# /app AXISnet bisa buat nonton film favorit di IFLIX.BONUS 1GB stlh beli BRONET mulai 5GB!!Info838.AXIS007,spam
216,2018-03-27T17:33:00Z,"AGAR TDK DIBLOKIR,sgr registrasi ulang kartu prabayar Anda.Tlp dan SMS keluar diblokir mulai 1-31 Maret 2018.Ketik ULANG#NIK#No.KK SMS ke 4444.Info 838",spam
217,2018-03-27T18:52:00Z,"AXIS Berbagi DISKON! Bronet 24jam 2GB CUMA 25rb,30hr (Norm 30,900) Balas YA, utk dapetin skrg. Internetan makin eksis krn diskon dr AXIS! Info838 AND11A",spam
218,2018-03-27T22:56:00Z,"De, dimana ?",ham
219,2018-03-27T22:58:00Z,"De, dimana?",ham
220,2018-03-28T05:41:00Z,"iRing keren cuman buat km, Papinka-Cinta Dan Luka (Reff),Rp.0,1/3hr prpnjngan Rp.3190 dengan hnya bls YA lho!",spam
221,2018-03-28T10:20:00Z,Pake BRONET 24Jam 8GB hny Rp59.900 di RAWIT *123*888# /app AXISnet bisa buat nonton film favorit di IFLIX.BONUS 1GB stlh beli BRONET mulai 5GB!!Info838.AXIS007,spam
222,2018-03-28T10:27:00Z,"*Masih DISKON*
AXIS Bronet 24jam 2GB CUMA 25rb,30hr (Norm 30,900). Dapetin skrg juga dgn Balas YA! Internetan ASYIK tetep IRIT. AXIS 4G Ready
Info838 AND11A",spam
223,2018-03-28T12:06:00Z,"Raih HP Samsung, UangJutaanRupiah, & GRATIS nton Film BOXOFFICE dgn klik http://bit.ly/klkflm tkan *123*535# Trf prpanjngan Rp4.400/3hari. Info 0217989808. DSI4",spam
224,2018-03-28T12:10:00Z,"Nggak selamanya putus dgn pacar bawa pengaruh negatif. Ayo buktikan dgn nonton Film Legally Blonde, klik bit.ly/gnflx atau tkn *123*519# Info 08041911911. DSI3",spam
225,2018-03-28T12:15:00Z,Pake BRONET 24Jam 8GB hny Rp59.900 di RAWIT *123*888# /app AXISnet bisa buat nonton film favorit di IFLIX.BONUS 1GB stlh beli BRONET mulai 5GB!!Info838.AXIS007,spam
226,2018-03-28T13:20:00Z,Telegram code 89789,ham
227,2018-03-28T13:21:00Z,Telegram code 89789,ham
228,2018-03-28T14:37:00Z,Only for Staff! Register w/CIMBNiaga email at shop.samsung .com/id_epp/cimbniaga. Disc upto 30%+Add Disc selected items +0% upto 24mos till 31Mar18. Info 14041,ham
229,2018-03-28T14:43:00Z,"Ciee yg dpt kesempatan menang Rp 75 Juta TANPA BIAYA dr AXIS! SELAMAT ya Km bs ikutan FANTAXIS!

Balas YA ke 99220 skrg!

Info: www.axisnet.id/fantaxis PFF11B",spam
230,2018-03-28T15:53:00Z,"Cashback IDR500,000 limited for first 100 cardholders + 0% upto 24 mos with Credit Card at Tory Burch boutiques Jakarta&Surabaya, till 31Mar'18. T&C. Info 14041",ham
231,2018-03-28T18:10:00Z,"Tinggal 5jam lagi! 
AXIS Bronet 24jam 2GB CUMA 25rb,30hr (Norm 30,900). Dapetin skrg juga dgn Balas YA! Internetan ASYIK tetep IRIT.
Info838 AND11A",spam
232,2018-03-28T20:34:00Z,"AGAR TDK DIBLOKIR,sgr registrasi ulang kartu prabayar Anda.Tlp dan SMS keluar diblokir mulai 1-31 Maret 2018.Ketik ULANG#NIK#No.KK SMS ke 4444.Info 838",spam
233,2018-03-29T09:18:00Z,(AXIS) Kuota 4G paket internet kamu telah digunakan seluruhnya. Penggunaan selanjutnya akan dikenakan tarif normal ya. Info838,spam
234,2018-03-29T10:26:00Z,PAKET BRONET 24JAM 100MB sudah aktif. Nikmati kuota 100MB berlaku di 00.00-23.59 aktif s.d 29-03-2018.Temukan PROMO menarik AXIS di aplikasi AXISnet! Info838,spam
235,2018-03-29T10:26:00Z,PAKET BRONET 24JAM 100MB 1hr kamu akan segera aktif. Temukan PROMO menarik AXIS di aplikasi AXISnet. Sekarang AXIS sudah 4G Ready lho! Info838,spam
236,2018-03-29T12:33:00Z,PAKET BRONET 24JAM 5GB sudah aktif. Nikmati kuota 5GB berlaku di 00.00-23.59 aktif s.d 27-05-2018.Temukan PROMO menarik AXIS di aplikasi AXISnet! Info838,spam
237,2018-03-29T14:31:00Z,"AGAR TDK DIBLOKIR,sgr registrasi ulang kartu prabayar Anda.Tlp dan SMS keluar diblokir mulai 1-31 Maret 2018.Ketik ULANG#NIK#No.KK SMS ke 4444.Info 838",spam
238,2018-03-29T17:43:00Z,"Toko.ADISA OLshop,PROMO Cuci Gudang,Harga Serba 500rb.Beli 2 Gratis 1.
Utk Produk Iphone,Samsung,Oppo,Vivo,Xiaomi.Yg Minat Slhkn Chat Via WA 083110448111",spam
239,2018-03-30T09:42:00Z,(AXIS) Kuota utama paket internet kamu hanya 20% lagi. Cek detail pemakaian kamu di aplikasi AXISnet atau telp *889#. Info838,spam
240,2018-03-30T09:50:00Z,KESERUAN di JUMAT BAIK!! Hari ini promo BRONET DAYZ 8GB 30hr hny Rp49.000 dg akses *123*888# dr HP. Kuota bisa dipake di Jaringan 2G/3G/4G. Info838. AXIS007,spam
241,2018-03-30T10:13:00Z,KESERUAN di JUMAT BAIK!! Hari ini promo BRONET DAYZ 8GB 30hr hny Rp49.000 dg akses *123*888# dr HP. Kuota bisa dipake di Jaringan 2G/3G/4G. Info838. AXIS007,spam
242,2018-03-30T14:00:00Z,"Internet Hemat Rp 10rb kuota 1.5GB (berlaku 7 hari). Penawaran khusus ini berlaku sd 31/03/18, ketik D3 ke 929 sekarang juga!",spam
243,2018-03-30T17:34:00Z,"AGAR TDK DIBLOKIR,sgr registrasi ulang kartu prabayar Anda.Tlp dan SMS keluar diblokir mulai 1-31 Maret 2018.Ketik ULANG#NIK#No.KK SMS ke 4444.Info 838",spam
244,2018-03-30T20:26:00Z,Terima kasih kesetiaanmu pada AXIS! BONUS NONTON film SEPUASNYA di Iflix & KZLGAMES tgl 31Mar-1Apr. Hubungi *969# utk aktifkan BONUSnya. Info 838 AFO01A,spam
245,2018-03-31T03:07:00Z,(AXIS) Kuota utama paket internet kamu telah digunakan seluruhnya. Penggunaan selanjutnya akan dikenakan tarif normal ya. Info838,spam
246,2018-03-31T05:40:00Z,PAKET BRONET 24JAM 100MB 1hr Rp3500 kamu sudah tidak aktif. Gunakan terus AXISmu dan temukan promo menarik AXIS lainnya di aplikasi AXISnet. Info838,spam
247,2018-03-31T05:40:00Z,PAKET BRONET 4G OWSEM 4GB 30hr Rp38900 kamu sudah tidak aktif. Gunakan terus AXISmu dan temukan promo menarik AXIS lainnya di aplikasi AXISnet. Info838,spam
248,2018-03-31T13:02:00Z,"AGAR TDK DIBLOKIR,sgr registrasi ulang kartu prabayar Anda.Tlp dan SMS keluar diblokir mulai 1-31 Maret 2018.Ketik ULANG#NIK#No.KK SMS ke 4444.Info 838",spam
249,2018-03-31T13:04:00Z,"PERHATIAN!
Kartu AXIS-mu sdh dlm masa peringatan!Registrasikan skrg jg agar tdk terblokir,ke *123*4444# atau telp 838.BONUS kuota 1GB slm 7hr. AAG23C",spam
250,2018-03-31T13:07:00Z,"Asik nih!Balas YA, Km bisa menangin:
- Rp 500 Juta
- 500gr EMAS
- Rp 75 JutaGRATIS
Ikutan kuisnya TANPA BIAYA dr AXIS!Balas YA
Info: axisnet.id/fantaxis PFF11B",spam
251,2018-03-31T21:17:00Z,Dimana de ?,ham
252,2018-04-01T12:00:00Z,UNLIMITED YOUTUBE PLUS INTERNET 7GB + CHAT & SOSMED + SMS selama 30hari. Data Rollover. PROMO 70Rb (Normal 80rb). MAU? Tekan C24 kirim SMS ke 929 sekarang,spam
253,2018-04-01T13:30:00Z,"Tokopedia - 187419 adalah kode verifikasi keamanan. Mohon tidak menyebarkan kode ke orang lain atau pihak Tokopedia, demi keamanan akun.",ham
254,2018-04-01T15:56:00Z,Telegram code 80363,ham
255,2018-04-01T15:56:00Z,Telegram code 80363,ham
256,2018-04-02T09:56:00Z,"This is your secret password for LOGIN. GO-JEK never asks for your password, DO NOT GIVE IT TO ANYONE. Your PASSWORD is 2554 .",ham
257,2018-04-02T10:01:00Z,You LOGGED IN to your GO-JEK App from a NEW DEVICE. Please contact Customer Care at 021-5025-1110 if it wasn't you who requested the login.,ham
258,2018-04-02T13:24:00Z,"Cerita CINTA di film drama emang bikin baper. Tapi kamu juga bisa dapat tips cinta lho di *123*563# . Tarif Rp2.200/SMS, 3SMS/minggu. Info: 02158908230. DSI9",spam
259,2018-04-02T14:39:00Z,Mau tahu rahasia kulit indah SongHyeKyo?Klik bit.ly/Iotrykm a/ Tkn*123*508*1#&raih plsa IM3Ooredoo Rp10rb utk 5org/hr! Trf Rp2200/SMS/3hr.Info02152971540. DSI13,ham
260,2018-04-03T08:09:00Z,"This is your secret password for LOGIN. GO-JEK never asks for your password, DO NOT GIVE IT TO ANYONE. Your PASSWORD is 3756 .",ham
261,2018-04-03T11:58:00Z,SEGERA REGISTRASI ULANG kartumu krn proses PEMBLOKIRAN sdg berjalan.BONUS 10GB nelpon&SMS sepuasnya.Ketik ULANG#NIK#No.KK# SMS ke4444. Abaikan jika sdh REG,ham
262,2018-04-03T11:58:00Z,Isi Voucher Regular 25K pd 03/04/18 11:58 dr GO-JEK SUKSES. TID:01188100004958451871,spam
263,2018-04-03T12:02:00Z,03/04/2018 12:01:44 Ref 0403025150 Passcode 5426 untuk LOGIN Go Mobile CIMB Niaga. Passcode bersifat RAHASIA. Jangan beri ke siapapun!,ham
264,2018-04-04T08:21:00Z,Cuma Rp5rb bisa Internetan 1GB dgn masa berlaku 7 Hari khusus buat Kamu! Asyik kan? Ayo buruan ketik D2 dan kirim ke 929 (penawaran berlaku sd 050418,spam
265,2018-04-04T12:06:00Z,"Pang meuliken 
heula pulsa bpa 
anu 10 ribu we ke 
di gantian ku bpa 
ieu nomor na nya. 
085756625680

",ham
266,2018-04-04T12:16:00Z,Cari tahu gaya hidup artis terkini di *123*543#. Tarif berlangganan Rp2.200/3hari. Info: 08001401686.  DSI2,spam
267,2018-04-04T15:08:00Z,"Film Ayat-Ayat Cinta 2 kini telah hadir eksklusif di MOX, klik bit.ly/moxAAC2 ayo nonton sekarang! Info: Instagram @MOXDIGITAL  DSI5",spam
268,2018-04-05T15:17:00Z,Ayo dengarkan lagu Andin Komalla - Show You Love di Gtunes! Di www.gtunes.co.id atau Tekan *123*574# sekarang. DSI13,spam
269,2018-04-05T21:19:00Z,"05/04/2018 21:19 Pada No. Rek 378088918 ada dana keluar sebesar Rp 167.415,00. Saldo akhir: Rp 2.433.958,00.Berita: TRF PAY TOP UP ECHANNEL.",ham
270,2018-04-06T08:31:00Z,"Internet Hemat Rp 10rb kuota 1.5GB (berlaku 7 hari). Penawaran khusus ini berlaku sd 07/04/18, ketik D3 ke 929 sekarang juga!",spam
271,2018-04-08T13:01:00Z,"Jangan buang seribu kamu, bisa untuk beli Paket Yellow 1GB lho. Internetan dgn KUOTA UTAMA 1GB, 24 jam penuh. Harga hemat cuma Rp1.000. Tekan *123*111*1*1# CPI1",spam
272,2018-04-08T23:02:00Z,"WhatsApp code 850-640.

You can also tap on this link to verify your phone: v.whatsapp.com/850640",ham
273,2018-04-09T08:18:00Z,"iRing keren cuman buat km, Delondri-Demi Allah Aku Mencintaimu,Rp.0,1/3hr prpnjngan Rp.3190 dengan hnya bls YA lho!",spam
274,2018-04-09T13:08:00Z,"Mau cepat dpt kerja? Ayo update terus infonya  di TOP KARIR  dgn tekan *123*554*9# Ada BEASISWANYA juga lho! Tarif Rp2.200/SMS,2SMS/mgu. Info 08001009189. DSI4",spam
275,2018-04-09T14:35:00Z,Ayo dengerin lagu Sunyi Saat Senja - Junior Soemantri hanya di www.gtunes.co.id Khusus Sahabat IM3 Ooredoo tekan *123*574# DSI13,spam
276,2018-04-09T17:50:00Z,De blin makan kucing ya,ham
277,2018-04-09T19:36:00Z,"09/04/2018 19:36 Pada No. Rek 378088918 ada dana keluar sebesar Rp 300.000,00. Saldo akhir: Rp 2.106.098,00.Berita: BILL PAYMENT  GOPAY CUST    NO  371523277184",ham
278,2018-04-09T19:37:00Z,"09/04/2018 19:36 Pada No. Rek 378088918 ada dana keluar sebesar Rp 150.000,00. Saldo akhir: Rp 1.956.098,00.Berita: TARIK TUNAI.",ham
279,2018-04-10T13:30:00Z,"Ayo nonton video tentang motor sport di *123*503*5# Tarif Rp2.200/SMS, 2SMS/mgu. Info: 0213145715 atau klik bit.ly/Qmnck DSI2",spam
280,2018-04-11T06:02:00Z,"Paket internet 1 GB & Unlimited Nelpon SMS ke sesama, HANYA Rp 5rb, berlaku 3 hari. Ketik C30 ke 929 sd 13/04/18",spam
281,2018-04-11T12:58:00Z,"awas ketinggalan iRing Shae-Up Up n Away, Rp.0,1/3hr prpnjngan Rp.3190 .Lngsung bls YA aja ya!",spam
282,2018-04-11T17:02:00Z,Staff only! Register w/ office email @ shop.samsung .com/id_epp/cimbniaga. Disc 10% + Cashback 500K +0% upto 24mos Samsung S9|S9+. Till 30Apr'18.T&C Info 14041,ham
